Condition,Sample,Total peaks,Overlap count,Percentage (%)
siCTL,Control,36406,2390,6.564851947481184
siCTL,HG+TNFα Day3,36406,3004,8.251387133988903
siCTL,HG+TNFα Day7,36406,3613,9.924188320606493
siGPS2,Control,9302,513,5.514943023005806
siGPS2,HG+TNFα Day3,9302,639,6.869490432165126
siGPS2,HG+TNFα Day7,9302,757,8.138034831219093
GPS2,Control,33437,3116,9.319017854472591
GPS2,HG+TNFα Day3,33437,4174,12.483177318539344
GPS2,HG+TNFα Day7,33437,4941,14.777043395041419
